LST,10,11,12,13,14,15,16,17,18,19,20,21,22,23,24,25,26,27,28,29,30,31,32,33,34,35,36,37,38,39,40,41,42,43,44,45,46,47,48,49,50,51,52,53,54,55,56,57,58,59,60,61,62,63,64,65,66,67,68,69,70,71,72,73,74,75,76,77,78,79,80,81,82,83,84,85,86,87,88,89,90,91,92,93,94,95,96,97,98,99,100,101,102,103,104,105,106,107,108,109,110,111,112,113,114,115,116,117,118,119,120,121,122,123,124
0,2.8796551723933955e-17,2.7539991414913614e-17,2.6434224037230837e-17,2.5452578928571812e-17,2.4574230864112585e-17,2.3782794413134908e-17,2.306522402569418e-17,2.2410999760751453e-17,2.1811532971778275e-17,2.1259730967242258e-17,2.074967642069255e-17,2.027638834064358e-17,1.9835641259832527e-17,1.9423827356849033e-17,1.903784815215071e-17,1.8675030036632538e-17,1.8333055703365724e-17,1.800990901382112e-17,1.7703829382063936e-17,1.7413274258830323e-17,1.713688776399293e-17,1.6873474140462212e-17,1.6621975678516596e-17,1.6381453663975166e-17,1.6151072614123027e-17,1.5930086531138056e-17,1.5717827188627128e-17,1.5513694268085773e-17,1.5317146838526342e-17,1.512769603206578e-17,1.4944898646808013e-17,1.47683518961219e-17,1.4597688533393534e-17,1.443257289380422e-17,1.4272697423534643e-17,1.411777946361371e-17,1.3967558756325735e-17,1.3821795069444818e-17,1.3680266077835356e-17,1.3542765713317179e-17,1.340910247305763e-17,1.3279098139737374e-17,1.3152586504676643e-17,1.3029412264425261e-17,1.290943010226706e-17,1.2792503822185364e-17,1.2678505585281502e-17,1.2567315179018592e-17,1.24588194625551e-17,1.2352911814003113e-17,1.2249491560540124e-17,1.2148463631913568e-17,1.204973806941479e-17,1.1953229688918285e-17,1.1858857738806464e-17,1.176654562247951e-17,1.1676220559191646e-17,1.1587813409291921e-17,1.150125835986697e-17,1.1416492765938197e-17,1.1333456897757723e-17,1.1252093839200565e-17,1.1172349243943249e-17,1.1094171236572578e-17,1.1017510205995604e-17,1.0942318762548804e-17,1.0868551514759422e-17,1.0796165032767205e-17,1.0725117705558795e-17,1.0655369651578842e-17,1.0586882611590494e-17,1.0519619884980758e-17,1.045354624859003e-17,1.038862784277472e-17,1.0324832175980325e-17,1.0262127944878682e-17,1.0200485120917384e-17,1.0139874750806759e-17,1.0080268977822712e-17,1.0021640993030988e-17,9.963964936902882e-18,9.907215926315328e-18,9.851369923475022e-18,9.796403774936906e-18,9.742295134383867e-18,9.689022432534215e-18,9.636564824931184e-18,9.58490220313576e-18,9.534015128583276e-18,9.483884803839363e-18,9.4344930710068e-18,9.385822360185806e-18,9.33785566600677e-18,9.290576548982902e-18,9.243969081097789e-18,9.198017838500502e-18,9.15270789612051e-18,9.10802478416968e-18,9.063954479598666e-18,9.020483389151506e-18,8.977598323520153e-18,8.935286517437106e-18,8.893535565950368e-18,8.852333432459355e-18,8.811668437898973e-18,8.771529234626577e-18,8.731904824057683e-18,8.692784501039746e-18,8.654157890681499e-18,8.616014890379451e-18,8.578345673097952e-18,8.541140706432207e-18,8.504390711518034e-18,8.468086661978602e-18,8.432219799278413e-18
1,2.641153902274065e-17,2.5222783133587864e-17,2.4179645757612022e-17,2.3255837006842118e-17,2.2430990288361598e-17,2.1689173574779086e-17,2.101775886688392e-17,2.0406598623182996e-17,1.9847431253363692e-17,1.933344956999244e-17,1.8858985094677413e-17,1.8419274061515406e-17,1.801028121850851e-17,1.7628565762207883e-17,1.7271176455266417e-17,1.693556981072205e-17,1.661954390818768e-17,1.6321185148984017e-17,1.6038824348795464e-17,1.577100057104479e-17,1.5516430986220492e-17,1.5273985375005647e-17,1.504266495136713e-17,1.4821584099616788e-17,1.4609955282607386e-17,1.440707590287735e-17,1.421231711928556e-17,1.402511443797723e-17,1.3844959585284653e-17,1.3671393541848922e-17,1.3504000463783721e-17,1.3342402679668279e-17,1.318625607630532e-17,1.30352463438978e-17,1.2889085668646373e-17,1.2747509716639045e-17,1.2610275246128402e-17,1.247715786755289e-17,1.2347950053760338e-17,1.2222459555903127e-17,1.2100507831148445e-17,1.19819288131658e-17,1.1866567718288084e-17,1.1754280001388722e-17,1.1644930489587631e-17,1.1538392564953895e-17,1.1434547441370216e-17,1.1333283481630028e-17,1.1234495676699336e-17,1.1138085111285676e-17,1.1043958444156547e-17,1.0952027570920527e-17,1.0862209163814234e-17,1.0774424361629048e-17,1.0688598435495205e-17,1.060466053991933e-17,1.0522543387934269e-17,1.0442183085651438e-17,1.0363518844218407e-17,1.0286492820860574e-17,1.0211049892909897e-17,1.0137137548479833e-17,1.0064705674822101e-17,9.993706447873084e-18,9.92409415693604e-18,9.855825147700113e-18,9.788857624921117e-18,9.723151608965867e-18,9.65866881595863e-18,9.595372557797994e-18,9.533227654459921e-18,9.472200366865933e-18,9.41225832720337e-18,9.353370429277185e-18,9.295506827554691e-18,9.238638785274575e-18,9.182738738256692e-18,9.127780113413601e-18,9.073737359647622e-18,9.02058588559264e-18,8.968301979370395e-18,8.91686283178242e-18,8.866246411520154e-18,8.816431504694269e-18,8.767397639238751e-18,8.71912506167314e-18,8.671594685565609e-18,8.624788102241292e-18,8.57868752051059e-18,8.53327573953552e-18,8.488536145658106e-18,8.444452668162055e-18,8.401009756022762e-18,8.358192375593653e-18,8.315985967506437e-18,8.274376431863677e-18,8.233350130300469e-18,8.192893842158874e-18,8.152994754029719e-18,8.113640452581948e-18,8.074818890561024e-18,8.036518411907351e-18,7.99872769199243e-18,7.961435744361403e-18,7.924631906840792e-18,7.88830582444885e-18,7.852447462807825e-18,7.817047054763634e-18,7.782095137156765e-18,7.747582493730396e-18,7.713500165300193e-18,7.679839459310539e-18,7.646591914321618e-18,7.613749302476074e-18,7.581303642003162e-18
2,2.4626033004840588e-17,2.3448004250555432e-17,2.2416007222612153e-17,2.1503162137623553e-17,2.068875187825203e-17,1.9956659423909314e-17,1.9294188283922688e-17,1.8691203624079764e-17,1.8139510806234583e-17,1.7632402761430474e-17,1.716432746912033e-17,1.6730641282113278e-17,1.6327423952145222e-17,1.5951338628919396e-17,1.559952426518058e-17,1.5269512328918868e-17,1.4959161009300163e-17,1.4666602858422183e-17,1.4390202445689172e-17,1.41285217855849e-17,1.3880291850484647e-17,1.3644388766487786e-17,1.341981399756299e-17,1.3205677476595232e-17,1.3001183510366853e-17,1.2805618618681991e-17,1.2618341211856266e-17,1.2438772743312883e-17,1.2266390134869558e-17,1.2100719201281352e-17,1.1941328965650745e-17,1.1787826810983942e-17,1.1639854160208483e-17,1.1497082803258649e-17,1.1359211657799309e-17,1.1225963915666558e-17,1.1097084593193511e-17,1.0972338331151359e-17,1.085150746262802e-17,1.0734390338751489e-17,1.0620799799015596e-17,1.051056186325879e-17,1.0403514525517763e-17,1.0299506702940072e-17,1.0198397289433912e-17,1.0100054316779815e-17,1.000435418996753e-17,9.911180991677562e-18,9.820425892456967e-18,9.731986587978903e-18,9.645766775263861e-18,9.561675742873577e-18,9.47962789845356e-18,9.399542448052254e-18,9.321343013981201e-18,9.244957358512861e-18,9.170317063651711e-18,9.097357295941075e-18,9.026016556301223e-18,8.95623645682718e-18,8.887961520897282e-18,8.821139001166722e-18,8.755718710344001e-18,8.691652855293363e-18,8.62889588978294e-18,8.567404391314912e-18,8.507136915012274e-18,8.448053898580534e-18,8.390117545651145e-18,8.333291719563302e-18,8.277541853638423e-18,8.222834864498284e-18,8.16913908366936e-18,8.116424147991109e-18,8.064660973528426e-18,8.013821638481926e-18,7.963879387750636e-18,7.914808494285569e-18,7.866584272055874e-18,7.819182995094424e-18,7.77258183987619e-18,7.726758881547788e-18,7.681692993277825e-18,7.637363858870428e-18,7.593751907411818e-18,7.550838283229227e-18,7.50860480837622e-18,7.467033964271273e-18,7.426108856120203e-18,7.385813172153899e-18,7.346131175178066e-18,7.307047672326095e-18,7.268547980801795e-18,7.230617922461607e-18,7.193243786197101e-18,7.156412317912752e-18,7.120110701149993e-18,7.084326538787282e-18,7.049047826622948e-18,7.014262947113378e-18,6.979960642775342e-18,6.946130027596694e-18,6.9127605468159834e-18,6.879841962475675e-18,6.8473643541312014e-18,6.815318100195239e-18,6.7836938768939295e-18,6.7524826305792545e-18,6.721675587313953e-18,6.6912642136755955e-18,6.66124022695939e-18,6.631595590687472e-18,6.602322493991203e-18,6.573413347365857e-18,6.544860792338009e-18
3,2.3587526924705368e-17,2.244321424847765e-17,2.1441497570713006e-17,2.0556004237647067e-17,1.9766448088432224e-17,1.9057069655382304e-17,1.8415466311541882e-17,1.783174449854746e-17,1.729790873592144e-17,1.6807418004899275e-17,1.63548603747936e-17,1.5935711783287936e-17,1.5546155126844156e-17,1.5182943200879653e-17,1.4843293369507058e-17,1.4524805911305098e-17,1.4225399582090842e-17,1.3943260327830676e-17,1.3676799840079404e-17,1.3424621762945412e-17,1.3185493877253765e-17,1.2958324896368657e-17,1.2742145168164624e-17,1.2536090275716007e-17,1.2339387335664601e-17,1.2151343204830868e-17,1.1971334466821966e-17,1.1798798858489534e-17,1.1633227937168291e-17,1.1474160697199633e-17,1.1321178093644405e-17,1.1173898315117613e-17,1.1031972629699244e-17,1.0895081812028114e-17,1.0762933002911904e-17,1.0635256963518625e-17,1.0511805676530096e-17,1.0392350224610483e-17,1.0276678917476456e-17,1.016459565758053e-17,1.0055918467454459e-17,9.950478203259664e-18,9.848117392733539e-18,9.748689210379645e-18,9.652056554826095e-18,9.558091230922718e-18,9.46667320885877e-18,9.377689945399212e-18,9.291035804077549e-18,9.206611511938587e-18,9.124323647392292e-18,9.044084240004752e-18,8.965810303675442e-18,8.8894235362326e-18,8.814849932931091e-18,8.742019526396307e-18,8.670866069477133e-18,8.601326803477534e-18,8.5333422182889e-18,8.466855831473727e-18,8.40181399706549e-18,8.3381657206181e-18,8.275862500470144e-18,8.214858162485777e-18,8.155108718023693e-18,8.096572239886174e-18,8.039208727274966e-18,7.982980001975082e-18,7.92784960533665e-18,7.87378268867854e-18,7.820745927349269e-18,7.768707435465529e-18,7.71763669809808e-18,7.667504469374816e-18,7.618282739908717e-18,7.569944630320617e-18,7.522464386705887e-18,7.475817255606416e-18,7.429979488911637e-18,7.384928267807483e-18,7.34064164818468e-18,7.29709855327749e-18,7.254278680380542e-18,7.212162508974613e-18,7.170731239517839e-18,7.12996676227544e-18,7.089851623636594e-18,7.050369007021323e-18,7.011502697656569e-18,6.973237042944769e-18,6.935556945453445e-18,6.898447832494766e-18,6.8618956237393745e-18,6.8258867259369274e-18,6.79040799388451e-18,6.7554467255334946e-18,6.720990638677683e-18,6.687027856176729e-18,6.6535468796892305e-18,6.620536581575121e-18,6.587986181307154e-18,6.555885256524792e-18,6.524223704085683e-18,6.492991723592125e-18,6.462179822742265e-18,6.431778794751272e-18,6.4017797186242704e-18,6.3721739350409655e-18,6.3429530531899125e-18,6.314108912268305e-18,6.2856335918262625e-18,6.257519409261483e-18,6.229758899380665e-18,6.202344807526355e-18,6.175270101443634e-18
4,2.3008837812626353e-17,2.1889225669374702e-17,2.0909322933527307e-17,2.0043260846970652e-17,1.9271147157137548e-17,1.857753279357227e-17,1.7950262796462106e-17,1.73796438661788e-17,1.6857844551104487e-17,1.637845971814058e-17,1.5936191064968652e-17,1.5526610306082703e-17,1.514598160852647e-17,1.4791127149083053e-17,1.4459323825807133e-17,1.4148223235406543e-17,1.3855788594459895e-17,1.3580244520867311e-17,1.3320036496162786e-17,1.3073797809491994e-17,1.2840322362035118e-17,1.2618541974806275e-17,1.2407507509159234e-17,1.2206372847059884e-17,1.2014381470512355e-17,1.1830854934848014e-17,1.165518306851868e-17,1.1486815580102438e-17,1.1325254887329605e-17,1.1170049852554517e-17,1.1020790442845282e-17,1.087710308060122e-17,1.0738646583767228e-17,1.0605108669512649e-17,1.0476202867383259e-17,1.0351665838468829e-17,1.0231255025569631e-17,1.0114746565933332e-17,1.0001933464807352e-17,9.892623993731223e-18,9.786640239809277e-18,9.683816856554549e-18,9.58399991583794e-18,9.487045914041578e-18,9.392820855102234e-18,9.3011994642713e-18,9.212064450757947e-18,9.125305849058122e-18,9.040820448145819e-18,8.9585112643997e-18,8.878287031525039e-18,8.800061817808935e-18,8.723754564287298e-18,8.649288793159284e-18,8.5765922245771e-18,8.50559652963659e-18,8.436237013616886e-18,8.368452391342962e-18,8.302184555617912e-18,8.237378354605174e-18,8.173981410731742e-18,8.111943935909744e-18,8.051218580312042e-18,7.99176026630791e-18,7.933526051666702e-18,7.87647500886228e-18,7.820568091182975e-18,7.765768035372011e-18,7.712039253260513e-18,7.659347731683295e-18,7.60766094759294e-18,7.55694777891963e-18,7.50717844717713e-18,7.458324410329305e-18,7.41035833492801e-18,7.363253990131507e-18,7.316986244857801e-18,7.271530944088968e-18,7.226864916993311e-18,7.182965895094358e-18,7.139812469854938e-18,7.097384074054019e-18,7.05566090053157e-18,7.014623902788135e-18,6.974254738762371e-18,6.934535741561957e-18,6.895449883329359e-18,6.856980756600622e-18,6.819112544509883e-18,6.781829976473833e-18,6.745118324741519e-18,6.708963372773062e-18,6.673351386653159e-18,6.638269106173379e-18,6.6037037079823576e-18,6.569642801964834e-18,6.536074408925196e-18,6.502986942806207e-18,6.470369187667373e-18,6.438210291500035e-18,6.406499738630859e-18,6.3752273623239645e-18,6.3443833103550615e-18,6.313958022761139e-18,6.283942242488613e-18,6.2543269906078034e-18,6.225103564901982e-18,6.196263521588834e-18,6.167798677212491e-18,6.139701072607697e-18,6.111962983861369e-18,6.08457691813715e-18,6.057535595377495e-18,6.0308319418715825e-18,6.004459098264373e-18
5,2.2730508005538032e-17,2.1626591021769977e-17,2.0660249758992455e-17,1.9806044565139923e-17,1.904440274226737e-17,1.8360118123020913e-17,1.7741223808036723e-17,1.7178174420133563e-17,1.6663256410210012e-17,1.619015971582425e-17,1.575366354249082e-17,1.534940347920201e-17,1.4973696876631888e-17,1.462341064104857e-17,1.4295859632186903e-17,1.3988727966395273e-17,1.3700006923690874e-17,1.3427945515269413e-17,1.317101056704956e-17,1.2927854143034842e-17,1.2697286744980516e-17,1.2478254927687757e-17,1.2269822689746638e-17,1.2071155662302183e-17,1.1881507867177631e-17,1.1700210340955157e-17,1.1526661469855913e-17,1.136031869575471e-17,1.120069144798416e-17,1.1047334951390115e-17,1.0899844967854963e-17,1.0757853201546162e-17,1.0621023293020142e-17,1.0489047374566273e-17,1.03616430233765e-17,1.0238550610093506e-17,1.0119530996902217e-17,1.0004363463850912e-17,9.892843919414067e-18,9.784783314259318e-18,9.680006213515157e-18,9.578349567575459e-18,9.479661578590775e-18,9.383800717949748e-18,9.29063483166834e-18,9.200040359645076e-18,9.111901604140731e-18,9.026110092236537e-18,8.942564004673962e-18,8.861167660572534e-18,8.781831014449429e-18,8.704469277411427e-18,8.629002464427871e-18,8.55535510720167e-18,8.483455872477833e-18,8.413237326074097e-18,8.34463561409522e-18,8.277590243153675e-18,8.21204385558007e-18,8.147942006671582e-18,8.085232988575112e-18,8.023867646476106e-18,7.963799227693967e-18,7.904983223577109e-18,7.847377231306497e-18,7.7909408349053e-18,7.735635472859086e-18,7.681424344236132e-18,7.628272302574682e-18,7.57614574884829e-18,7.525012560272684e-18,7.47484199510738e-18,7.42560463598369e-18,7.377272289274229e-18,7.329817948300125e-18,7.283215699957591e-18,7.237440714070886e-18,7.192469123280596e-18,7.14827803388407e-18,7.104845441515305e-18,7.06215019117733e-18,7.020171958413357e-18,6.978891169575168e-18,6.938289000921137e-18,6.898347324748604e-18,6.859048681383464e-18,6.82037624042023e-18,6.782313785316389e-18,6.74484568049596e-18,6.707956834280321e-18,6.6716326869262394e-18,6.635859184777969e-18,6.600622753414773e-18,6.5659102833842575e-18,6.531709096196734e-18,6.4980069434031475e-18,6.464791982973459e-18,6.4320527596950714e-18,6.399778183433322e-18,6.367957526684817e-18,6.336580389858836e-18,6.305636723616722e-18,6.2751167835932046e-18,6.245011117679599e-18,6.215310572488836e-18,6.186006269418647e-18,6.157089602631622e-18,6.128552224896703e-18,6.10038604003146e-18,6.072583178673007e-18,6.045136001944324e-18,6.0180371018413985e-18,5.991279275960186e-18,5.964855530869388e-18,5.938759081205712e-18
6,2.2764325657905857e-17,2.1663562756396715e-17,2.0699696862212625e-17,1.9847490954735033e-17,1.9087501664223582e-17,1.8404608967267543e-17,1.7786905957763884e-17,1.7224890474694492e-17,1.6710880539392537e-17,1.62385891502477e-17,1.580281224170046e-17,1.539919744090395e-17,1.502407072402721e-17,1.4674305230381963e-17,1.4347220412658042e-17,1.4040503920006037e-17,1.3752149906751496e-17,1.3480409875047592e-17,1.3223752933282535e-17,1.2980833334567478e-17,1.2750463737694025e-17,1.2531592839793042e-17,1.2323286784661468e-17,1.2124713330952056e-17,1.1935128618029094e-17,1.1753865760157003e-17,1.1580325171878657e-17,1.1413966258464136e-17,1.1254300344219424e-17,1.1100884462241408e-17,1.0953316098524472e-17,1.0811228588352775e-17,1.067428710584009e-17,1.054218522859807e-17,1.0414641885088614e-17,1.0291398703916502e-17,1.0172217714590951e-17,1.0056879288606958e-17,9.945180337071109e-18,9.836932741371887e-18,9.731961922582163e-18,9.630105620110293e-18,9.531212762444495e-18,9.43514248763708e-18,9.341763252384682e-18,9.250952055957802e-18,9.16259371447965e-18,9.076580221947173e-18,8.992810188541907e-18,8.911188321082736e-18,8.83162493135805e-18,8.754035552795498e-18,8.67834049661272e-18,8.60446456103679e-18,8.532336657205645e-18,8.461889568503123e-18,8.393059640276512e-18,8.325786561655951e-18,8.260013137001235e-18,8.195685064550895e-18,8.132750772300251e-18,8.071161220947211e-18,8.010869766898914e-18,7.951831993004453e-18,7.894005580889242e-18,7.837350190161737e-18,7.78182732498749e-18,7.727400241748883e-18,7.674033846510178e-18,7.621694584331684e-18,7.570350367029362e-18,7.51997049160889e-18,7.470525562755214e-18,7.4219874144285e-18,7.374329055821972e-18,7.327524590410532e-18,7.281549196709887e-18,7.236379021140716e-18,7.191991169852066e-18,7.14836364611703e-18,7.10547529383454e-18,7.063305785218885e-18,7.021835546087951e-18,6.981045744543124e-18,6.940918249155485e-18,6.9014355905275764e-18,6.8625809270289734e-18,6.8243380337016015e-18,6.786691264549394e-18,6.749625511923062e-18,6.713126202485142e-18,6.677179272025854e-18,6.641771130470471e-18,6.606888649212193e-18,6.5725191374732325e-18,6.538650330147667e-18,6.50527036838814e-18,6.4723677794017514e-18,6.4399314542814344e-18,6.407950652072133e-18,6.3764149534143375e-18,6.3453142926272e-18,6.31463890312272e-18,6.284379318328529e-18,6.254526368111902e-18,6.225071154608861e-18,6.196005054582581e-18,6.16731970101633e-18,6.139006978748603e-18,6.111059005089206e-18,6.083468121578101e-18,6.056226902644764e-18,6.029328127969073e-18,6.002764787416004e-18,5.9765300752525345e-18
7,2.3040390082061426e-17,2.193374113450107e-17,2.096431446822412e-17,2.0106904323722998e-17,1.9342063158706232e-17,1.8654648670010666e-17,1.8032724513301303e-17,1.7466758328992692e-17,1.694904024375193e-17,1.6473258599507672e-17,1.6034187817415845e-17,1.5627456694369495e-17,1.52493745384453e-17,1.4896799611039955e-17,1.4567037948037257e-17,1.4257765089606604e-17,1.3966964234223208e-17,1.3692876991944744e-17,1.343396356555e-17,1.3188870215061047e-17,1.2956402464244893e-17,1.2735502645604195e-17,1.2525231257962832e-17,1.2324751057567385e-17,1.2133313761664539e-17,1.195024858616516e-17,1.1774952498467827e-17,1.1606881869321793e-17,1.1445545341097486e-17,1.1290497574701153e-17,1.1141333957070356e-17,1.099768595871185e-17,1.085921708894811e-17,1.0725619438422961e-17,1.059661059811652e-17,1.0471930990505214e-17,1.0351341548929939e-17,1.0234621647594167e-17,1.0121567278132088e-17,1.0011989483824156e-17,9.905712902166396e-18,9.802574544028891e-18,9.702422658156614e-18,9.605115740619793e-18,9.510521644737909e-18,9.418516796067638e-18,9.328985465997263e-18,9.24181912747041e-18,9.156915892986415e-18,9.07417999047906e-18,8.993521271096994e-18,8.914854824901647e-18,8.838100536057946e-18,8.763182786918137e-18,8.69003008673267e-18,8.618574831757004e-18,8.548752988070876e-18,8.480503878457826e-18,8.413769950726555e-18,8.348496555836924e-18,8.284631786054189e-18,8.222126272923737e-18,8.160933050547685e-18,8.101007393358065e-18,8.042306678821452e-18,7.984790271063816e-18,7.928419385547176e-18,7.873156997124893e-18,7.818967740756525e-18,7.765817792823824e-18,7.713674805126799e-18,7.662507821265094e-18,7.612287199580497e-18,7.562984532617988e-18,7.514572593594669e-18,7.467025258600172e-18,7.420317480933413e-18,7.374425190854109e-18,7.329325281787714e-18,7.284995548674161e-18,7.241414635064317e-18,7.198562013462708e-18,7.156417920815972e-18,7.11496333704843e-18,7.074179945684781e-18,7.03405010234878e-18,6.994556790010989e-18,6.955683613043398e-18,6.9174147625810765e-18,6.879734968627643e-18,6.842629498956032e-18,6.806084136398581e-18,6.770085144583275e-18,6.734619244144196e-18,6.699673602303472e-18,6.665235816142811e-18,6.631293891707077e-18,6.597836222905875e-18,6.564851568974328e-18,6.532329065322239e-18,6.500258169440929e-18,6.468628694582884e-18,6.437430756030716e-18,6.406654771431493e-18,6.376291460738667e-18,6.346331817045407e-18,6.3167671096645704e-18,6.287588865721928e-18,6.258788867181883e-18,6.230359133602655e-18,6.202291910154942e-18,6.174579674752562e-18,6.147215115458849e-18,6.120191129663444e-18,6.093500822563002e-18
8,2.3408424772480415e-17,2.229517193379139e-17,2.131939019139795e-17,2.0455923878257867e-17,1.9685340104454373e-17,1.8992491962613425e-17,1.8365428268308537e-17,1.7794597497468043e-17,1.7272269848450202e-17,1.679211466925413e-17,1.634888893763432e-17,1.5938205531893668e-17,1.555635912230576e-17,1.520019438136535e-17,1.4867004591075937e-17,1.4554453273063303e-17,1.4260512288298277e-17,1.3983412557376393e-17,1.372160425338062e-17,1.347372427773759e-17,1.3238569469369627e-17,1.3015074149330227e-17,1.2802291480133504e-17,1.2599377520217857e-17,1.2405577922619134e-17,1.2220216435800857e-17,1.2042685103640784e-17,1.1872435895021704e-17,1.1708973518289006e-17,1.1551849138522303e-17,1.1400655018049843e-17,1.1255019867847451e-17,1.111460473416238e-17,1.0979099521462258e-17,1.0848219882017384e-17,1.072170450083128e-17,1.0599312767898981e-17,1.0480822673343793e-17,1.0366028965305108e-17,1.0254741564032034e-17,1.014678409202343e-17,1.0041992636161433e-17,9.940214602912974e-18,9.841307708769643e-18,9.745139090222278e-18,9.65158450967373e-18,9.560527617778995e-18,9.471859300859528e-18,9.385477122132587e-18,9.301284793359574e-18,9.21919166738174e-18,9.139112359493658e-18,9.060966310260311e-18,8.984677455451089e-18,8.910173892893724e-18,8.837387608839496e-18,8.766254178167283e-18,8.696712540890756e-18,8.628704775165322e-18,8.562175869792411e-18,8.497073564135002e-18,8.433348149350429e-18,8.370952317963442e-18,8.309841023577466e-18,8.24997131494787e-18,8.191302243705429e-18,8.133794721644279e-18,8.077411420713052e-18,8.022116674988675e-18,7.967876379377584e-18,7.914657898785094e-18,7.862430000634893e-18,7.811162769187533e-18,7.760827530095946e-18,7.711396799158445e-18,7.662844195236517e-18,7.615144416846729e-18,7.568273152347155e-18,7.52220705153999e-18,7.476923678545646e-18,7.432401441962317e-18,7.388619589376987e-18,7.345558132252388e-18,7.303197837875167e-18,7.261520175720471e-18,7.220507292293865e-18,7.18014196966225e-18,7.140407609653428e-18,7.101288206216008e-18,7.062768300036139e-18,7.024832972362066e-18,6.987467821120098e-18,6.95065892974966e-18,6.914392844664791e-18,6.8786565625591896e-18,6.843437505682671e-18,6.808723519886503e-18,6.774502836669778e-18,6.740764055802053e-18,6.707496159808853e-18,6.674688452820751e-18,6.642330601155395e-18,6.61041257402703e-18,6.578924648844388e-18,6.547857404459551e-18,6.5172016980392604e-18,6.486948665659791e-18,6.457089702730699e-18,6.427616464967082e-18,6.398520846402198e-18,6.369794967974144e-18,6.341431191144237e-18,6.3134220838236756e-18,6.28576042906302e-18,6.258439218670544e-18
9,2.3952648385626896e-17,2.2826852013139645e-17,2.1839485353431408e-17,2.0965350900302685e-17,2.018495367963278e-17,1.94830751370355e-17,1.8847689998079377e-17,1.8269174715804708e-17,1.7739731687883914e-17,1.7252967449137884e-17,1.680358131134753e-17,1.6387133595966978e-17,1.5999871411551123e-17,1.5638596800894625e-17,1.5300565139241552e-17,1.498340659985937e-17,1.468506393284879e-17,1.4403742874250745e-17,1.4137871957566766e-17,1.3886069608694378e-17,1.3647116991959427e-17,1.3419935180819486e-17,1.3203566180035721e-17,1.299715668380667e-17,1.2799944493709037e-17,1.2611246799381346e-17,1.2430450139252206e-17,1.225700187519635e-17,1.2090402844091882e-17,1.1930200951728465e-17,1.1775985693091379e-17,1.1627383432824996e-17,1.1484053194757493e-17,1.1345683125800308e-17,1.1211987353918717e-17,1.1082703197810627e-17,1.0957588835920872e-17,1.083642115611487e-17,1.0718993895426555e-17,1.0605116032694684e-17,1.0494610307198195e-17,1.0387311972447451e-17,1.0283067634600386e-17,1.01817342397369e-17,1.0083178178792e-17,9.987274485051037e-18,9.893906101191104e-18,9.802963214543298e-18,9.714342700337212e-18,9.627947601768614e-18,9.543686601559066e-18,9.461473655784382e-18,9.381227564700503e-18,9.30287161619816e-18,9.22633328519436e-18,9.151543926148946e-18,9.078438505222495e-18,9.006955353108216e-18,8.93703595464099e-18,8.868624706024818e-18,8.801668766784949e-18,8.736117864495775e-18,8.671924122286378e-18,8.609041949350537e-18,8.547427847609072e-18,8.487040339512431e-18,8.427839814759138e-18,8.369788434722e-18,8.312850026155367e-18,8.256989993392246e-18,8.20217522198325e-18,8.148374002767074e-18,8.095555956037711e-18,8.04369195493849e-18,7.992754074531776e-18,7.942715496041998e-18,7.89355049291756e-18,7.845234336299198e-18,7.797743271783328e-18,7.751054467354036e-18,7.705145943262235e-18,7.659996561991682e-18,7.615585966596499e-18,7.571894560301598e-18,7.528903460618282e-18,7.486594466535567e-18,7.444950022672972e-18,7.403953196478843e-18,7.363587660607499e-18,7.323837641766212e-18,7.284687910115556e-18,7.246123764390321e-18,7.208130993893055e-18,7.170695856958188e-18,7.133805072347588e-18,7.097445783307403e-18,7.061605569449444e-18,7.026272403130951e-18,6.991434625458527e-18,6.957080971249456e-18,6.9232004994572306e-18,6.88978264041898e-18,6.8568171288110825e-18,6.824294015833374e-18,6.792203655678204e-18,6.760536693234103e-18,6.7292840470947875e-18,6.698436907017512e-18,6.667986728755383e-18,6.637925204208845e-18,6.608244261673035e-18,6.578936075900465e-18,6.5499930269887236e-18,6.5214077206246e-18,6.493172967927385e-18
10,2.4769638419648907e-17,2.3623023054217135e-17,2.2616786517706266e-17,2.1725522450314877e-17,2.0929537193039192e-17,2.0213432256051927e-17,1.9565021032383607e-17,1.897453482698034e-17,1.843404501445044e-17,1.7937040009467402e-17,1.747811342543914e-17,1.7052732014302047e-17,1.6657060981096593e-17,1.6287831555860606e-17,1.5942238458461055e-17,1.5617860403912683e-17,1.5312596777017267e-17,1.5024616996527935e-17,1.4752319297105995e-17,1.449429691537051e-17,1.424931011497817e-17,1.401626263452479e-17,1.3794182098796961e-17,1.3582203237936211e-17,1.3379553896798383e-17,1.3185542921572944e-17,1.2999549822992767e-17,1.2821016006741397e-17,1.2649437212932508e-17,1.2484356950600597e-17,1.2325360879102841e-17,1.2172071977055759e-17,1.202414624141778e-17,1.1881269089266093e-17,1.1743152155703444e-17,1.1609530444980366e-17,1.1480159989060799e-17,1.1354815654282914e-17,1.1233289254605793e-17,1.11153879390105e-17,1.1000932687082678e-17,1.0889757055846329e-17,1.0781706013252377e-17,1.0676634909640683e-17,1.057440858819729e-17,1.0474900571180463e-17,1.037799232701297e-17,1.0283572604081744e-17,1.019153686627812e-17,1.0101786784085085e-17,1.0014229687555115e-17,9.928778211447698e-18,9.845349869647698e-18,9.76386668022257e-18,9.68425488041295e-18,9.60644460945038e-18,9.530369648267914e-18,9.455967165668591e-18,9.383177507588238e-18,9.311943959163127e-18,9.24221258826827e-18,9.173932060492327e-18,9.10705345542018e-18,9.041530167739614e-18,8.977317701250553e-18,8.914373610627867e-18,8.852657333316218e-18,8.792130106750787e-18,8.732754849634946e-18,8.674496086566126e-18,8.617319838446133e-18,8.561193558973796e-18,8.506086043066179e-18,8.45196736852497e-18,8.398808827868379e-18,8.346582843280524e-18,8.295262944459678e-18,8.244823682949136e-18,8.195240599597421e-18,8.14649017432919e-18,8.098549762294076e-18,8.05139757462041e-18,8.005012616661526e-18,7.959374676755628e-18,7.91446427126025e-18,7.870262610991316e-18,7.826751571787167e-18,7.783913665594698e-18,7.741732021897097e-18,7.700190341033132e-18,7.659272882391908e-18,7.618964444448657e-18,7.579250327179033e-18,7.54011631660366e-18,7.501548670894505e-18,7.463534084015944e-18,7.426059696316923e-18,7.389113053339157e-18,7.352682081903328e-18,7.316755113535621e-18,7.281320811769724e-18,7.246368224746694e-18,7.211886709320586e-18,7.177865953877913e-18,7.144295959531403e-18,7.11116702241611e-18,7.078469725346177e-18,7.046194927991591e-18,7.014333763886936e-18,6.982877615184651e-18,6.951818104608926e-18,6.921147110065365e-18,6.890856720462183e-18,6.860939258351143e-18,6.831387261008196e-18
11,2.5964915297621735e-17,2.4787198109937028e-17,2.375313763290058e-17,2.2836905536876084e-17,2.2018452270947395e-17,2.128207744975328e-17,2.0615329867569602e-17,2.00082013326414e-17,1.945254288610162e-17,1.8941640362040295e-17,1.846990339586361e-17,1.8032634537182885e-17,1.7625855066946998e-17,1.7246172297597004e-17,1.6890675797819318e-17,1.6556856327452734e-17,1.6242540491321426e-17,1.5945838120509048e-17,1.566509905877888e-17,1.5398877563844402e-17,1.5145902725083277e-17,1.4905053478130067e-17,1.467533784195833e-17,1.4455875100646296e-17,1.4245881006308728e-17,1.4044654960349484e-17,1.3851569089367455e-17,1.366605903975881e-17,1.3487616054097157e-17,1.3315780101217093e-17,1.3150134016416096e-17,1.2990298506981942e-17,1.2835927681901525e-17,1.2686705356544056e-17,1.254234177070411e-17,1.2402570646904183e-17,1.2267146828952358e-17,1.2135844045412505e-17,1.2008452975532607e-17,1.1884779643273405e-17,1.1764643881303665e-17,1.1647878088311383e-17,1.1534326043188464e-17,1.1423841874908781e-17,1.1316289179181023e-17,1.1211540204563552e-17,1.1109475125434715e-17,1.1009981363421709e-17,1.0912953045822382e-17,1.0818290489403946e-17,1.0725899655264445e-17,1.0635691806297632e-17,1.0547583080359695e-17,1.0461494110193374e-17,1.0377349759072815e-17,1.0295078789022233e-17,1.0214613614473885e-17,1.0135890050797792e-17,1.0058847096109433e-17,9.98342670310756e-18,9.909573616650953e-18,9.83723520648782e-18,9.766361267260093e-18,9.696903929258891e-18,9.628817446879807e-18,9.562058155904294e-18,9.496584284058038e-18,9.432355891243151e-18,9.369334731617325e-18,9.307484194422416e-18,9.24676918349781e-18,9.187156058702525e-18,9.12861254522242e-18,9.07110766983895e-18,9.014611702364186e-18,8.959096059170712e-18,8.904533286854495e-18,8.850896982627007e-18,8.79816174225132e-18,8.746303132554025e-18,8.69529761352699e-18,8.645122519347685e-18,8.595755999495462e-18,8.547177007799527e-18,8.499365245673532e-18,8.452301129278823e-18,8.405965755873525e-18,8.360340877377031e-18,8.31540888168124e-18,8.271152747859801e-18,8.227556030012186e-18,8.184602835942404e-18,8.14227779049148e-18,8.100566027578489e-18,8.05945316333783e-18,8.018925263964881e-18,7.978968859760817e-18,7.93957089792366e-18,7.90071872850158e-18,7.862400111390438e-18,7.824603155477728e-18,7.78731636809608e-18,7.750528575447917e-18,7.71422895114177e-18,7.678406992482493e-18,7.643052502668114e-18,7.608155583520431e-18,7.573706623267574e-18,7.539696297629496e-18,7.50611554360938e-18,7.472955543451377e-18,7.440207747187465e-18,7.407863827121303e-18,7.375915695497752e-18,7.344355493447113e-18
12,2.7386882300387854e-17,2.616505735914178e-17,2.5091556018521178e-17,2.4139857901945127e-17,2.328934356516868e-17,2.2523839964820766e-17,2.18305005505978e-17,2.1198984103181168e-17,2.062085926640284e-17,2.008917078064091e-17,1.959812131263871e-17,1.9142834960686753e-17,1.8719178721164526e-17,1.8323626408101772e-17,1.7953151974424004e-17,1.7605146169321248e-17,1.7277349073173e-17,1.696779573813022e-17,1.667477135899707e-17,1.6396774320430233e-17,1.613248540437749e-17,1.5880741715077268e-17,1.564051502794178e-17,1.54108931344487e-17,1.519106438989687e-17,1.4980304290210638e-17,1.4777964019741212e-17,1.4583460836337957e-17,1.4396269761237575e-17,1.4215916402812642e-17,1.4041970813032946e-17,1.3874042287409048e-17,1.3711774678785375e-17,1.355484254324273e-17,1.340294773799055e-17,1.3255816324902734e-17,1.3113196146193505e-17,1.297485449073903e-17,1.2840576073304681e-17,1.2710161392999033e-17,1.2583425121041262e-17,1.2460194837519917e-17,1.2340309793756235e-17,1.2223619847766764e-17,1.210998456479434e-17,1.1999272374273775e-17,1.1891359823705142e-17,1.1786130877584492e-17,1.1683476369427866e-17,1.1583293466363841e-17,1.1485485114520078e-17,1.138995969039458e-17,1.1296630556324495e-17,1.120541568129455e-17,1.1116237363364486e-17,1.102902189629149e-17,1.0943699313788278e-17,1.0860203143670565e-17,1.077847016586954e-17,1.0698440197303253e-17,1.06200559170299e-17,1.0543262700123634e-17,1.0468008411347876e-17,1.0394243313859813e-17,1.0321919855669346e-17,1.0250992625892597e-17,1.0181418156186342e-17,1.0113154868866766e-17,1.0046162928923472e-17,9.980404185035107e-18,9.915842047746335e-18,9.852441432755201e-18,9.790168658926269e-18,9.728991394407461e-18,9.668878588312661e-18,9.609800374592808e-18,9.551728057079812e-18,9.494634027303056e-18,9.438491708210802e-18,9.383275528173123e-18,9.32896084495195e-18,9.27552391969766e-18,9.22294185460922e-18,9.17119259543365e-18,9.120254858510596e-18,9.07010810163414e-18,9.020732495605364e-18,8.972108884635567e-18,8.924218778232656e-18,8.877044301806218e-18,8.830568178528834e-18,8.784773706456925e-18,8.739644721096953e-18,8.69516559480859e-18,8.651321195509658e-18,8.608096866304887e-18,8.565478428938017e-18,8.52345214404239e-18,8.482004691319201e-18,8.441123180191733e-18,8.400795083389628e-18,8.361008290177766e-18,8.321751021907297e-18,8.283011865634108e-18,8.244779748427043e-18,8.207043910788335e-18,8.169793915962171e-18,8.13301961743808e-18,8.096711174306304e-18,8.060859019399686e-18,8.0254538429139e-18,7.990486615802672e-18,7.955948541317908e-18,7.921831073382267e-18,7.888125909822376e-18
13,2.870483608819578e-17,2.7440367598345675e-17,2.6328549028853896e-17,2.5342237165867314e-17,2.446028298665613e-17,2.3666070458194015e-17,2.2946384619258894e-17,2.2290578010382472e-17,2.1689963830207924e-17,2.1137372332201546e-17,2.062682462869312e-17,2.0153289831523738e-17,1.9712501540378236e-17,1.930081800975463e-17,1.891511245219162e-17,1.8552687461147476e-17,1.8211205672035652e-17,1.7888633938635873e-17,1.7583197262825485e-17,1.7293340817363512e-17,1.7017698280103365e-17,1.6755064983736484e-17,1.6504375626849328e-17,1.6264685022938315e-17,1.603515216455445e-17,1.5815026360309138e-17,1.560363537204561e-17,1.5400375483040873e-17,1.5204702883610723e-17,1.501612623624232e-17,1.483420029696385e-17,1.4658520527257005e-17,1.4488718218458843e-17,1.4324456496418148e-17,1.4165426793786867e-17,1.401134561118088e-17,1.3861952027607005e-17,1.3717005255578177e-17,1.3576282543783528e-17,1.3439577487743491e-17,1.3306698334843885e-17,1.317746668926138e-17,1.3051716223413494e-17,1.2929291569136472e-17,1.2810047391834864e-17,1.2693847513358717e-17,1.2580564146177955e-17,1.2470077152794684e-17,1.2362273493435111e-17,1.2257046669270505e-17,1.2154296140811963e-17,1.2053926977146067e-17,1.1955849397385395e-17,1.1859978369528762e-17,1.1766233330488436e-17,1.1674537845874967e-17,1.1584819334305257e-17,1.1497008832622673e-17,1.1411040723087866e-17,1.1326852532537442e-17,1.1244384738414585e-17,1.1163580606656066e-17,1.1084385971433264e-17,1.1006749147656962e-17,1.0930620705057375e-17,1.0855953431555464e-17,1.0782702118910498e-17,1.0710823514461261e-17,1.0640276170316738e-17,1.0571020378132831e-17,1.0503018046981861e-17,1.0436232641978821e-17,1.0370629084083661e-17,1.0306173688907151e-17,1.0242834100757453e-17,1.0180579186653578e-17,1.0119379035093235e-17,1.0059204854738156e-17,1.0000028923612587e-17,9.941824567120504e-18,9.884566070747892e-18,9.828228659785358e-18,9.772788430161871e-18,9.718222355707508e-18,9.664508208051522e-18,9.61162453406926e-18,9.559550613466474e-18,9.508266431981489e-18,9.457752664305954e-18,9.407990626327343e-18,9.358962255212195e-18,9.310650086461814e-18,9.263037212244584e-18,9.216107287621034e-18,9.169844479872309e-18,9.124233452590961e-18,9.079259368251118e-18,9.034907845658401e-18,8.991164938502048e-18,8.948017148762978e-18,8.90545136201261e-18,8.863454892363873e-18,8.822015401423999e-18,8.781120931488189e-18,8.740759881470145e-18,8.700920975321547e-18,8.661593277946163e-18,8.62276615042419e-18,8.584429277972392e-18,8.546572627634443e-18,8.509186438630945e-18,8.472261241412406e-18,8.435787810679907e-18,8.399757182079138e-18,8.364160644658236e-18
14,2.99198273412025e-17,2.8612328131045926e-17,2.7461884370838124e-17,2.64406308458898e-17,2.552684617316787e-17,2.470345837810039e-17,2.3956885313650278e-17,2.327618033166086e-17,2.2652410252144988e-17,2.2078200499457052e-17,2.154740048731126e-17,2.1054834295361656e-17,2.0596112102600197e-17,2.0167486419638245e-17,1.976573921705308e-17,1.9388093862462603e-17,1.9032143744227856e-17,1.869579484043723e-17,1.8377218320040843e-17,1.8074811509121933e-17,1.7787165341898766e-17,1.7513036795730275e-17,1.7251326004868054e-17,1.7001056510470984e-17,1.6761358920709693e-17,1.6531456688278196e-17,1.631065395157351e-17,1.6098325360810438e-17,1.5893907225106722e-17,1.5696889924508012e-17,1.5506811327689335e-17,1.532325129827961e-17,1.5145826677185828e-17,1.4974187177071414e-17,1.4808011771403823e-17,1.4647005359371365e-17,1.449089620570144e-17,1.4339433424874043e-17,1.419238482805345e-17,1.4049535177366326e-17,1.3910684440119982e-17,1.3775646452013847e-17,1.3644247589937569e-17,1.3516325626161922e-17,1.3391728767308353e-17,1.3270314752086953e-17,1.3151950054899487e-17,1.3036509120624224e-17,1.2923873795493796e-17,1.2813932739014001e-17,1.2706580833549671e-17,1.2601718810346615e-17,1.2499252776470137e-17,1.2399093800174928e-17,1.2301157617567824e-17,1.2205364274619023e-17,1.2111637846145517e-17,1.2019906188398506e-17,1.1930100655078306e-17,1.1842155889114197e-17,1.1756009618542563e-17,1.1671602487564184e-17,1.1588877827141155e-17,1.1507781562509083e-17,1.1428261981574666e-17,1.1350269689865419e-17,1.1273757392487492e-17,1.1198679838561282e-17,1.1124993667886895e-17,1.1052657340859527e-17,1.0981631010589973e-17,1.0911876459094212e-17,1.0843356992269129e-17,1.077603737580078e-17,1.0709883764838956e-17,1.0644863598046737e-17,1.0580945590555071e-17,1.0518099628717797e-17,1.0456296720202516e-17,1.0395508967301734e-17,1.0335709480749451e-17,1.0276872350063283e-17,1.0218972579887477e-17,1.0161986095043813e-17,1.01058896480316e-17,1.0050660808800094e-17,9.996277914964487e-18,9.942720038901059e-18,9.88996697724089e-18,9.837999197618743e-18,9.786797814431748e-18,9.736344570277521e-18,9.686621791766555e-18,9.637612393840943e-18,9.589299823538352e-18,9.541668052398781e-18,9.494701571497515e-18,9.448385349299867e-18,9.402704809694447e-18,9.357645844966851e-18,9.313194747984405e-18,9.26933826209183e-18,9.226063494150757e-18,9.18335794576611e-18,9.141209494023646e-18,9.099606355349148e-18,9.058537103969803e-18,9.017990623454344e-18,8.977956134703068e-18,8.938423154532787e-18,8.899381484569352e-18,8.86082122897259e-18,8.822732751836449e-18,8.785106685697822e-18,8.747933930942025e-18
15,3.0704928960397584e-17,2.9362282445561615e-17,2.818081232431009e-17,2.7131943275887497e-17,2.6193392219929014e-17,2.534764145169036e-17,2.4580752067919475e-17,2.388148902588973e-17,2.324068357449336e-17,2.2650766830901066e-17,2.2105426457747436e-17,2.1599350754509756e-17,2.1128035007274358e-17,2.068763382573082e-17,2.0274845188068046e-17,1.9886819963117314e-17,1.9521088603730482e-17,1.9175502170335306e-17,1.8848183660860903e-17,1.853748796857711e-17,1.8241968472683722e-17,1.796034879921023e-17,1.7691499333353184e-17,1.743441699657753e-17,1.718820849726594e-17,1.6952075757550235e-17,1.672530346872208e-17,1.6507248660478356e-17,1.6297331635357475e-17,1.6095028202507615e-17,1.5899862922949978e-17,1.5711403488177953e-17,1.5529255582465826e-17,1.5353058661329914e-17,1.5182482254882986e-17,1.501722256141874e-17,1.4856999793716393e-17,1.470155562242262e-17,1.4550650954804656e-17,1.440406413885874e-17,1.426158918171292e-17,1.412303436491882e-17,1.3988220884930383e-17,1.3856981678049647e-17,1.3729160425511949e-17,1.3604610631868973e-17,1.3483194800669567e-17,1.3364783649379146e-17,1.3249255522431576e-17,1.3136495789477311e-17,1.3026396230567624e-17,1.2918854651830679e-17,1.281377440571646e-17,1.2711063954886508e-17,1.2610636577182297e-17,1.251240998622327e-17,1.2416306053545984e-17,1.232225054781976e-17,1.2230172839715504e-17,1.2140005692068232e-17,1.2051685046009462e-17,1.196514984886034e-17,1.188034181385813e-17,1.1797205331566669e-17,1.1715687222789863e-17,1.1635736697905626e-17,1.1557305129578952e-17,1.1480345996370489e-17,1.1404814724585755e-17,1.13306686133119e-17,1.1257866708336938e-17,1.1186369730336614e-17,1.1116139967977934e-17,1.1047141216752547e-17,1.0979338699237843e-17,1.0912698959072102e-17,1.0847189856755852e-17,1.0782780454829851e-17,1.0719440971607718e-17,1.065714275181348e-17,1.0595858176942106e-17,1.0535560635247302e-17,1.0476224457886375e-17,1.0417824921955312e-17,1.0360338153976327e-17,1.030374112446467e-17,1.0248011590802215e-17,1.01931280665455e-17,1.0139069812333716e-17,1.0085816774736906e-17,1.0033349568492461e-17,9.98164945040243e-18,9.930698283828954e-18,9.880478529862012e-18,9.830973201538357e-18,9.782165849062636e-18,9.734040555056107e-18,9.686581895204902e-18,9.639774913359277e-18,9.593605131409997e-18,9.548058485956825e-18,9.503121374816977e-18,9.458780570080315e-18,9.415023249693045e-18,9.371836973765645e-18,9.329209657174177e-18,9.28712957775842e-18,9.245585330455022e-18,9.204565859993958e-18,9.164060412157807e-18,9.124058527194152e-18,9.084550054810968e-18,9.045525112220753e-18,9.00697409099345e-18,8.968887658407916e-18
16,3.121314707298588e-17,2.9846857799428445e-17,2.8644680438898496e-17,2.757749387495107e-17,2.6622595731521687e-17,2.5762142818711233e-17,2.498194025707645e-17,2.427054897940508e-17,2.3618635517275926e-17,2.3018496440202104e-17,2.246370834475008e-17,2.194886693618851e-17,2.1469389638805052e-17,2.1021365050656575e-17,2.0601434780010494e-17,2.0206701233393996e-17,1.983465293675926e-17,1.948310447876956e-17,1.915014695886989e-17,1.883410723398661e-17,1.8533513934230423e-17,1.8247068737497906e-17,1.7973622493696804e-17,1.7712154674439892e-17,1.746175633542553e-17,1.7221615326741486e-17,1.6991003636979557e-17,1.6769266800269957e-17,1.6555814693267288e-17,1.6350113633791955e-17,1.6151679532202353e-17,1.596007216319173e-17,1.5774889968347643e-17,1.5595765743625456e-17,1.542236289937533e-17,1.5254371987014973e-17,1.5091508006360218e-17,1.4933507807033286e-17,1.478012782676389e-17,1.463114226725019e-17,1.44863412761142e-17,1.4345529549960014e-17,1.4208524935603224e-17,1.4075157244670068e-17,1.3945267238594994e-17,1.3818705684956593e-17,1.3695332528242244e-17,1.3575016079669231e-17,1.3457632427036317e-17,1.334306481439365e-17,1.323120302326244e-17,1.3121942979554673e-17,1.3015186252316667e-17,1.2910839633046296e-17,1.2808814809926884e-17,1.2709027998776234e-17,1.2611399650883689e-17,1.2515854192132491e-17,1.2422319713805686e-17,1.2330727772197313e-17,1.22410131566424e-17,1.2153113720407393e-17,1.2066970141827305e-17,1.1982525819387042e-17,1.1899726631470405e-17,1.1818520892821852e-17,1.1738859117775345e-17,1.1660693966993684e-17,1.1583980089471641e-17,1.1508674036678142e-17,1.1434734141185635e-17,1.1362120441158203e-17,1.1290794576615227e-17,1.1220719713887364e-17,1.115186047806667e-17,1.108418283870741e-17,1.1017654106544534e-17,1.0952242815950728e-17,1.088791867686045e-17,1.082465254771213e-17,1.0762416339903312e-17,1.0701182995585493e-17,1.0640926410681024e-17,1.0581621446154923e-17,1.052324382746649e-17,1.0465770139642804e-17,1.0409177766692662e-17,1.035344486586863e-17,1.0298550352841884e-17,1.0244473837514082e-17,1.0191195616542389e-17,1.0138696636210211e-17,1.0086958458066813e-17,1.003596325366228e-17,9.985693757432652e-18,9.936133251025256e-18,9.887265554228533e-18,9.839074988587536e-18,9.791546356811572e-18,9.7446649412647e-18,9.698416452765485e-18,9.652787063371804e-18,9.60776333149366e-18,9.563332228779921e-18,9.519481112117674e-18,9.476197701845038e-18,9.433470085249686e-18,9.391286673368545e-18,9.34963623316204e-18,9.308507838147737e-18,9.267890858908623e-18,9.227774982420086e-18,9.18815016787397e-18,9.14900665099397e-18,9.11033495110178e-18
17,3.171945169696318e-17,3.032940933749853e-17,2.9106336138099144e-17,2.8020567703584126e-17,2.7048987363981913e-17,2.6173431399587343e-17,2.537945289378542e-17,2.4655411819558116e-17,2.3991812975933497e-17,2.3380822102083303e-17,2.281590968837867e-17,2.229158521055199e-17,2.1803195801937682e-17,2.1346772439019955e-17,2.0918909076234076e-17,2.051666826744787e-17,2.0137504722265647e-17,1.977920390366226e-17,1.9439831431476167e-17,1.9117691545371604e-17,1.881129253329882e-17,1.8519317578073215e-17,1.8240600568036408e-17,1.7974105308324768e-17,1.7718908316014176e-17,1.747418389854018e-17,1.7239191403502587e-17,1.701326454594693e-17,1.6795802133958406e-17,1.6586260125330403e-17,1.638414472716909e-17,1.6189006622470024e-17,1.6000435734459812e-17,1.581805688995057e-17,1.564152602676917e-17,1.547052670683125e-17,1.530476738027926e-17,1.5143978768219195e-17,1.498791156427257e-17,1.4836334593881798e-17,1.4689032971078544e-17,1.454580667265858e-17,1.440646912503039e-17,1.427084599245535e-17,1.413877415126087e-17,1.401010072107551e-17,1.388468222367349e-17,1.3762383757812051e-17,1.3643078393701489e-17,1.3526646532885394e-17,1.341297528926552e-17,1.3301958080904894e-17,1.3193494107318827e-17,1.3087487937021153e-17,1.298384915433892e-17,1.2882491999390993e-17,1.2783335050322436e-17,1.2686300973293878e-17,1.2591316185043599e-17,1.2498310673361024e-17,1.2407217730732359e-17,1.2317973799299522e-17,1.2230518224533544e-17,1.21447931309379e-17,1.2060743200877596e-17,1.1978315607445368e-17,1.1897459778943368e-17,1.1818127351011907e-17,1.1740271994187248e-17,1.166384933096915e-17,1.1588816804877143e-17,1.151513361604951e-17,1.1442760602237708e-17,1.1371660162057403e-17,1.1301796190837484e-17,1.123313396210505e-17,1.1165640123753301e-17,1.109928257528671e-17,1.1034030417254267e-17,1.0969853928702058e-17,1.0906724464537476e-17,1.0844614438947967e-17,1.078349723979668e-17,1.0723347235661776e-17,1.0664139687708212e-17,1.0605850733805373e-17,1.0548457323949432e-17,1.0491937208662209e-17,1.043626890518076e-17,1.0381431642521942e-17,1.0327405352643031e-17,1.027417062990701e-17,1.0221708696110782e-17,1.0170001399875784e-17,1.0119031160051721e-17,1.0068780960065186e-17,1.0019234328236934e-17,9.970375304976776e-18,9.922188425421544e-18,9.874658710525175e-18,9.827771620630887e-18,9.781513083417167e-18,9.735869424432724e-18,9.690827393012953e-18,9.646374123705006e-18,9.602497127081202e-18,9.55918428771449e-18,9.516423818721362e-18,9.474204297414089e-18,9.432514614884947e-18,9.391343960178197e-18,9.35068184864039e-18,9.310518071765218e-18,9.270842702174947e-18,9.231646103492671e-18
18,3.211345756317678e-17,3.070128063481621e-17,2.9459225182717e-17,2.835695885089273e-17,2.737085513972085e-17,2.6482358594068042e-17,2.5676717755391282e-17,2.4942053021814e-17,2.4268679308933425e-17,2.3648611625703077e-17,2.307520141896374e-17,2.2542865110983008e-17,2.2046878108177967e-17,2.1583216933243722e-17,2.114843483110286e-17,2.0739564270192076e-17,2.035403788399798e-17,1.9989624878781047e-17,1.9644378705017263e-17,1.9316594184414757e-17,1.9004771919661528e-17,1.8707588435213505e-17,1.8423871486143403e-17,1.8152578941986386e-17,1.789278138750098e-17,1.7643647083608034e-17,1.740442919593306e-17,1.7174455104451146e-17,1.695311716143039e-17,1.6739864780396145e-17,1.6534197591562133e-17,1.6335659705059664e-17,1.614383452700501e-17,1.5958340459462224e-17,1.5778827138284687e-17,1.5604971985008963e-17,1.5436477481400756e-17,1.5273068579708056e-17,1.5114490412952117e-17,1.4960506457909517e-17,1.481089671312271e-17,1.466545625539344e-17,1.452399383719454e-17,1.4386330671773075e-17,1.4252299403979957e-17,1.4121743126947974e-17,1.3994514544001494e-17,1.3870475138363576e-17,1.3749494550222284e-17,1.3631449928479464e-17,1.3516225321070108e-17,1.3403711236654376e-17,1.3293804120825494e-17,1.3186405948948606e-17,1.308142384343755e-17,1.2978769725574402e-17,1.287835997367824e-17,1.278011517933219e-17,1.2683959796396594e-17,1.2589821958616624e-17,1.2497633204690441e-17,1.2407328310593427e-17,1.2318845056856023e-17,1.2232124080177473e-17,1.2147108660277442e-17,1.2063744633781737e-17,1.1981980170732373e-17,1.1901765709055012e-17,1.1823053791495757e-17,1.1745798963304003e-17,1.1669957653085394e-17,1.1595488089072953e-17,1.152235020063005e-17,1.1450505507178196e-17,1.137991708635861e-17,1.1310549415397436e-17,1.1242368408392559e-17,1.1175341244418873e-17,1.110943635378531e-17,1.1044623372447776e-17,1.0980873036134506e-17,1.0918157186390482e-17,1.085644865134157e-17,1.0795721268340298e-17,1.0735949797096819e-17,1.067710989152426e-17,1.061917804026169e-17,1.0562131559595765e-17,1.050594854509441e-17,1.0450607824361609e-17,1.039608894966989e-17,1.0342372145982385e-17,1.0289438285583192e-17,1.0237268883877128e-17,1.0185846037348075e-17,1.0135152422980954e-17,1.0085171272788102e-17,1.0035886348714311e-17,9.987281916339369e-18,9.939342731894831e-18,9.89205400920941e-18,9.845401435712927e-18,9.799371114619661e-18,9.753949569806776e-18,9.709123723188124e-18,9.664880881408127e-18,9.621208735090018e-18,9.578095312342369e-18,9.53552901075028e-18,9.493498542962367e-18,9.451992929720974e-18,9.411001526469265e-18,9.370513968738395e-18,9.330520181056849e-18,9.291010384449161e-18
19,3.223031605862578e-17,3.0812593254749916e-17,2.956565134690083e-17,2.8459032181710895e-17,2.746900851580573e-17,2.6576943629881312e-17,2.5768019956693718e-17,2.5030303838695574e-17,2.435406622327177e-17,2.3731286914870536e-17,2.3155289890828945e-17,2.26204708901632e-17,2.212209044096795e-17,2.1656114922072256e-17,2.1219091148173018e-17,2.0808047883220082e-17,2.0420415960778798e-17,2.005396398042274e-17,1.9706745445955982e-17,1.937705549834737e-17,1.9063395046642862e-17,1.8764440741745837e-17,1.8479020178508682e-17,1.8206090745225757e-17,1.7944722209855143e-17,1.7694081704876398e-17,1.7453420992292953e-17,1.7222065812972008e-17,1.6999406689660422e-17,1.6784891058029357e-17,1.657801646526142e-17,1.637832486667879e-17,1.6185397474915404e-17,1.5998850488598556e-17,1.5818331351932026e-17,1.5643515326097767e-17,1.5474102772732794e-17,1.5309816582674765e-17,1.5150399892734785e-17,1.4995614253513785e-17,1.4845237813390684e-17,1.4699063874970518e-17,1.45568994970609e-17,1.4418564277544412e-17,1.4283889323901387e-17,1.415271627009761e-17,1.4024896432349276e-17,1.390028998255925e-17,1.3778765317266279e-17,1.366019840885383e-17,1.3544472193338287e-17,1.3431476130974435e-17,1.3321105672477978e-17,1.3213261855243733e-17,1.3107850918814619e-17,1.3004783948608401e-17,1.290397653388523e-17,1.2805348521806913e-17,1.2708823664973022e-17,1.2614329432891801e-17,1.2521796739507116e-17,1.2431159767534288e-17,1.2342355738037056e-17,1.2255324762603005e-17,1.2170009622816435e-17,1.208635568037448e-17,1.2004310662673146e-17,1.1923824584164267e-17,1.1844849590788311e-17,1.176733984891536e-17,1.1691251430153736e-17,1.1616542223921395e-17,1.1543171840071534e-17,1.1471101491564605e-17,1.1400293971180026e-17,1.1330713478772671e-17,1.1262325674559127e-17,1.1195097485269793e-17,1.1128997110388822e-17,1.1063993963939172e-17,1.1000058567834162e-17,1.0937162567035235e-17,1.0875278595178059e-17,1.0814380308583651e-17,1.0754442294531329e-17,1.0695440043407573e-17,1.0637349882210234e-17,1.0580148981762364e-17,1.0523815295713696e-17,1.0468327511634336e-17,1.0413665054329971e-17,1.0359808024828861e-17,1.0306737176957856e-17,1.0254433911366586e-17,1.0202880218346877e-17,1.0152058670338676e-17,1.0101952401550079e-17,1.0052545078925716e-17,1.0003820878429333e-17,9.955764467362741e-18,9.908360977278357e-18,9.861596017001628e-18,9.815455614485116e-18,9.769926218955944e-18,9.724994682089338e-18,9.680648242545612e-18,9.636874526957851e-18,9.59366150281688e-18,9.550997509708611e-18,9.508871199644752e-18,9.467271539459995e-18,9.426187829589085e-18,9.385609656653312e-18,9.345526896483127e-18,9.3059297245328e-18
20,3.2124090984001e-17,3.071146204739165e-17,2.946895471628276e-17,2.8366232462948966e-17,2.7379659948567237e-17,2.6490671169104107e-17,2.5684503913809292e-17,2.4949268676408944e-17,2.427527233883514e-17,2.365452462578664e-17,2.3080374967186885e-17,2.254724110596443e-17,2.205040283672227e-17,2.1585843508939188e-17,2.1150124932064252e-17,2.0740289104392596e-17,2.0353778508772256e-17,1.9988371970178308e-17,1.964213193330933e-17,1.9313361324840237e-17,1.9000567822963245e-17,1.8702433944168454e-17,1.8417792355763744e-17,1.814560483307459e-17,1.7884944932866307e-17,1.7634983062633845e-17,1.7394973816566843e-17,1.716424539018038e-17,1.694219043483606e-17,1.672825823847497e-17,1.652194796175333e-17,1.6322802977043356e-17,1.6130405738804406e-17,1.5944373540021705e-17,1.576435479403821e-17,1.5590025623471193e-17,1.5421087160808547e-17,1.5257262985881474e-17,1.5098296855970992e-17,1.494395088657536e-17,1.479400373609557e-17,1.46482491744783e-17,1.4506494687213952e-17,1.436856026828689e-17,1.423427738692691e-17,1.4103488016277552e-17,1.3976043787971288e-17,1.3851805164723695e-17,1.3730640819164045e-17,1.3612426981941626e-17,1.3497046832794907e-17,1.3384390061755452e-17,1.3274352335931703e-17,1.3166834900656492e-17,1.3061744189924886e-17,1.2958991476698083e-17,1.2858492527546502e-17,1.2760167359343507e-17,1.2663939887148378e-17,1.2569737737199733e-17,1.247749197010844e-17,1.2387136913004875e-17,1.2298609922790424e-17,1.2211851246073804e-17,1.2126803786747082e-17,1.204341303137654e-17,1.196162682605414e-17,1.1881395295751008e-17,1.1802670697129237e-17,1.1725407302313432e-17,1.1649561284857946e-17,1.1575090631042978e-17,1.1501955048221859e-17,1.1430115838420244e-17,1.1359535886336848e-17,1.1290179474305209e-17,1.1222012348473035e-17,1.1155001516060749e-17,1.1089115253621472e-17,1.1024323050169004e-17,1.0960595501530809e-17,1.0897904323226454e-17,1.0836222219250428e-17,1.0775522911662685e-17,1.0715781051083802e-17,1.0656972192124229e-17,1.0599072723627446e-17,1.0542059873148314e-17,1.0485911653097253e-17,1.0430606809094427e-17,1.037612481675659e-17,1.0322445828907714e-17,1.026955065358153e-17,1.0217420741214909e-17,1.0166038127800842e-17,1.0115385434054812e-17,1.006544584078574e-17,1.0016203059746184e-17,9.967641308525721e-18,9.919745295786506e-18,9.87250019491649e-18,9.825891655103441e-18,9.779905743845688e-18,9.734528947509542e-18,9.689748153399439e-18,9.645550637333615e-18,9.601924060382157e-18,9.55885642374052e-18,9.516336101289189e-18,9.474351776980064e-18,9.432892448119333e-18,9.391947445867347e-18,9.351506387379916e-18,9.311559177835888e-18,9.272096020597148e-18
21,3.1771089756289075e-17,3.0374860121233285e-17,2.9146739604117505e-17,2.805676191286609e-17,2.7081577374869768e-17,2.620284315484479e-17,2.540597388632667e-17,2.4679221886377882e-17,2.4013008941115943e-17,2.3399438584294092e-17,2.2831937354818777e-17,2.2304986798995352e-17,2.1813919859583865e-17,2.1354764468222892e-17,2.092412013859527e-17,2.0519061001666887e-17,2.013705716824009e-17,1.977591139919753e-17,1.9433707047922246e-17,1.9108765435488427e-17,1.8799610536244287e-17,1.8504939381158218e-17,1.8223597644527126e-17,1.795455880352352e-17,1.7696906994451884e-17,1.7449822216965533e-17,1.721256779552941e-17,1.6984479888081263e-17,1.6764958434159286e-17,1.6553459402846222e-17,1.6349488087938553e-17,1.615259351234732e-17,1.596236333661668e-17,1.577841966205862e-17,1.5600415348452317e-17,1.5428030637010073e-17,1.526097047796857e-17,1.509896199845879e-17,1.4941752249627842e-17,1.4789106417454866e-17,1.4640806017980716e-17,1.449664748783489e-17,1.4356440805034416e-17,1.4220008291441604e-17,1.4087183595775403e-17,1.395781073242475e-17,1.3831743246501193e-17,1.370884340068305e-17,1.3588981551846676e-17,1.3472035522626588e-17,1.335788998245643e-17,1.3246436032806819e-17,1.3137570664829959e-17,1.3031196379774576e-17,1.2927220789855373e-17,1.2825556290392879e-17,1.272611970363555e-17,1.2628832046492494e-17,1.2533618184633314e-17,1.2440406643194657e-17,1.2349129333683468e-17,1.2259721395744012e-17,1.2172120955378783e-17,1.2086268989963283e-17,1.2002109100180098e-17,1.191958743616391e-17,1.1838652472523866e-17,1.1759254939489121e-17,1.168134766507189e-17,1.1604885469421088e-17,1.1529825050553421e-17,1.1456124892768316e-17,1.1383745181723105e-17,1.1312647677041827e-17,1.124279569965895e-17,1.1174153950847778e-17,1.1106688578618992e-17,1.1040366972700884e-17,1.0975157779935042e-17,1.091103084129277e-17,1.0847957093607356e-17,1.0785908578061304e-17,1.0724858311765428e-17,1.0664780317601316e-17,1.0605649534984425e-17,1.0547441797309844e-17,1.0490133762188469e-17,1.0433702914829426e-17,1.0378127515185058e-17,1.0323386548695824e-17,1.0269459721290792e-17,1.0216327410330144e-17,1.0163970635740512e-17,1.0112371056295541e-17,1.0061510907183164e-17,1.0011373003803017e-17,9.961940711981647e-18,9.91319792382855e-18,9.865129031304669e-18,9.817718912097631e-18,9.770952901087695e-18,9.7248168061982e-18,9.679296847325491e-18,9.634379657076212e-18,9.590052268065594e-18,9.546302093204067e-18,9.503116927729886e-18,9.460484904405297e-18,9.418394521051472e-18,9.37683458434223e-18,9.335794211439354e-18,9.295262848476352e-18,9.255230223646021e-18,9.21568635168281e-18,9.176621540065702e-18
22,3.112815272966998e-17,2.9762028508035647e-17,2.8560249895591024e-17,2.7493567552285016e-17,2.653917948986658e-17,2.5679166251595294e-17,2.489927471796659e-17,2.4188021841231666e-17,2.3536042870618335e-17,2.2935615218628458e-17,2.238030803497279e-17,2.1864720409414e-17,2.138428258668534e-17,2.0935103416121744e-17,2.0513850070521385e-17,2.0117653649343103e-17,1.9744032597109344e-17,1.9390831073362334e-17,1.905616821372427e-17,1.8738396582835465e-17,1.8436067685464668e-17,1.8147903029273465e-17,1.7872770230254337e-17,1.7609662567768335e-17,1.7357682159933987e-17,1.7116025429085247e-17,1.6883970748768384e-17,1.666086812544021e-17,1.644613028168735e-17,1.623922500907083e-17,1.603966855893425e-17,1.5847020127392015e-17,1.5660876839804974e-17,1.5480869598957622e-17,1.5306659471855747e-17,1.513793435508794e-17,1.4974406341116336e-17,1.481580923162748e-17,1.4661896317187947e-17,1.4512438623599642e-17,1.436722313000724e-17,1.4226051393230382e-17,1.4088738193219517e-17,1.395511035166353e-17,1.3825005741906604e-17,1.3698272352372394e-17,1.3574767457080405e-17,1.3454356827187111e-17,1.3336914121854814e-17,1.3222320274076596e-17,1.3110462885899216e-17,1.3001235822760102e-17,1.2894538682596607e-17,1.2790276428440757e-17,1.268835899977272e-17,1.258870099367166e-17,1.2491221312632788e-17,1.2395842942104303e-17,1.2302492617086765e-17,1.2211100630776292e-17,1.212160057183739e-17,1.2033929172126296e-17,1.1948026071602183e-17,1.1863833683956967e-17,1.1781296975397098e-17,1.17003633954104e-17,1.1620982656647074e-17,1.1543106667054467e-17,1.1466689377850112e-17,1.1391686680291575e-17,1.1318056292618804e-17,1.1245757673937008e-17,1.1174751942830759e-17,1.1105001746085222e-17,1.1036471256748208e-17,1.0969125989980381e-17,1.0902932869836786e-17,1.0837860035601223e-17,1.0773876844749582e-17,1.0710953824190247e-17,1.0649062566038275e-17,1.0588175740760885e-17,1.0528266970298603e-17,1.046931085665399e-17,1.0411282897434179e-17,1.0354159459864417e-17,1.0297917715581772e-17,1.0242535647469388e-17,1.0187991989618265e-17,1.0134266184338317e-17,1.008133838176424e-17,1.002918938303746e-17,9.977800616491342e-18,9.92715413709479e-18,9.877232560831602e-18,9.828019068562737e-18,9.779497383213186e-18,9.731651737513556e-18,9.684466853467975e-18,9.637927928062465e-18,9.592020605320334e-18,9.546730990954686e-18,9.502045591923181e-18,9.457951320975877e-18,9.414435480634158e-18,9.371485743603526e-18,9.32909015871758e-18,9.287237103159761e-18,9.245915311320916e-18,9.20511382109825e-18,9.164821971751527e-18,9.125029423801228e-18,9.085726116611151e-18,9.046902266502003e-18,9.00854837875598e-18
23,3.0198611816489546e-17,2.8876595649581914e-17,2.77133564587381e-17,2.6680712844389614e-17,2.575667700416087e-17,2.4923958821248662e-17,2.416879946898417e-17,2.34801101532487e-17,2.284884472868548e-17,2.2267540663047123e-17,2.1729980803911507e-17,2.1230940594928982e-17,2.0765996175801817e-17,2.0331377343064006e-17,1.9923851764457086e-17,1.954063435766161e-17,1.9179313829326732e-17,1.883779365990385e-17,1.851424349383294e-17,1.8207059337735407e-17,1.7914830464209742e-17,1.7636311572684866e-17,1.737039977202736e-17,1.711611481512167e-17,1.687258279444706e-17,1.663902201800754e-17,1.641473098007954e-17,1.6199078274108553e-17,1.5991493878476458e-17,1.5791461666612354e-17,1.5598512901975346e-17,1.5412220845317195e-17,1.5232195797738375e-17,1.5058081035317167e-17,1.4889549255957002e-17,1.4726299283644698e-17,1.4568053495122004e-17,1.4414555367926235e-17,1.42655673047566e-17,1.4120868909204604e-17,1.3980255239948643e-17,1.3843535465875097e-17,1.37105315422042e-17,1.3581077051598268e-17,1.3455016242946055e-17,1.3332203116745118e-17,1.3212500619706147e-17,1.3095779873875368e-17,1.2981919592041507e-17,1.2870805479497362e-17,1.27623296450925e-17,1.2656390215222645e-17,1.255289081472949e-17,1.245174021688778e-17,1.235285196395948e-17,1.2256144067610024e-17,1.2161538662312718e-17,1.2068961795281175e-17,1.1978343106509783e-17,1.1889615642435218e-17,1.18027156015281e-17,1.1717582201728999e-17,1.1634157437786872e-17,1.1552385961349044e-17,1.1472214867723295e-17,1.1393593635075981e-17,1.131647390079422e-17,1.1240809409191499e-17,1.1166555859938688e-17,1.1093670811784469e-17,1.1022113570885899e-17,1.0951845115219955e-17,1.0882828007599628e-17,1.0815026279020587e-17,1.0748405422626298e-17,1.0682932214584109e-17,1.0618574787625976e-17,1.0555302434939098e-17,1.0493085620710706e-17,1.0431895929128727e-17,1.037170596554095e-17,1.0312489374003935e-17,1.025422070843074e-17,1.019687546235517e-17,1.0140429995024879e-17,1.0084861494599032e-17,1.0030147923012906e-17,9.976268026290991e-18,9.923201266421634e-18,9.870927789233947e-18,9.819428420253225e-18,9.768684611439826e-18,9.71867841716092e-18,9.669392494283746e-18,9.620810041693393e-18,9.572914797477262e-18,9.525691026523771e-18,9.479123480161325e-18,9.433197384166118e-18,9.387898418681746e-18,9.343212696192523e-18,9.299126774556005e-18,9.255627596304133e-18,9.212702496740978e-18,9.170339185751645e-18,9.128525729617433e-18,9.087250559146063e-18,9.04650241917415e-18,9.006270403077445e-18,8.966543892784735e-18,8.92731256283695e-18,8.888566397295009e-18,8.850295650583547e-18,8.812490842263505e-18,8.775142774100974e-18
24,2.8796551723933955e-17,2.7539991414913614e-17,2.6434224037230837e-17,2.5452578928571812e-17,2.4574230864112585e-17,2.3782794413134908e-17,2.306522402569418e-17,2.2410999760751453e-17,2.1811532971778275e-17,2.1259730967242258e-17,2.074967642069255e-17,2.027638834064358e-17,1.9835641259832527e-17,1.9423827356849033e-17,1.903784815215071e-17,1.8675030036632538e-17,1.8333055703365724e-17,1.800990901382112e-17,1.7703829382063936e-17,1.7413274258830323e-17,1.713688776399293e-17,1.6873474140462212e-17,1.6621975678516596e-17,1.6381453663975166e-17,1.6151072614123027e-17,1.5930086531138056e-17,1.5717827188627128e-17,1.5513694268085773e-17,1.5317146838526342e-17,1.512769603206578e-17,1.4944898646808013e-17,1.47683518961219e-17,1.4597688533393534e-17,1.443257289380422e-17,1.4272697423534643e-17,1.411777946361371e-17,1.3967558756325735e-17,1.3821795069444818e-17,1.3680266077835356e-17,1.3542765713317179e-17,1.340910247305763e-17,1.3279098139737374e-17,1.3152586504676643e-17,1.3029412264425261e-17,1.290943010226706e-17,1.2792503822185364e-17,1.2678505585281502e-17,1.2567315179018592e-17,1.24588194625551e-17,1.2352911814003113e-17,1.2249491560540124e-17,1.2148463631913568e-17,1.204973806941479e-17,1.1953229688918285e-17,1.1858857738806464e-17,1.176654562247951e-17,1.1676220559191646e-17,1.1587813409291921e-17,1.150125835986697e-17,1.1416492765938197e-17,1.1333456897757723e-17,1.1252093839200565e-17,1.1172349243943249e-17,1.1094171236572578e-17,1.1017510205995604e-17,1.0942318762548804e-17,1.0868551514759422e-17,1.0796165032767205e-17,1.0725117705558795e-17,1.0655369651578842e-17,1.0586882611590494e-17,1.0519619884980758e-17,1.045354624859003e-17,1.038862784277472e-17,1.0324832175980325e-17,1.0262127944878682e-17,1.0200485120917384e-17,1.0139874750806759e-17,1.0080268977822712e-17,1.0021640993030988e-17,9.963964936902882e-18,9.907215926315328e-18,9.851369923475022e-18,9.796403774936906e-18,9.742295134383867e-18,9.689022432534215e-18,9.636564824931184e-18,9.58490220313576e-18,9.534015128583276e-18,9.483884803839363e-18,9.4344930710068e-18,9.385822360185806e-18,9.33785566600677e-18,9.290576548982902e-18,9.243969081097789e-18,9.198017838500502e-18,9.15270789612051e-18,9.10802478416968e-18,9.063954479598666e-18,9.020483389151506e-18,8.977598323520153e-18,8.935286517437106e-18,8.893535565950368e-18,8.852333432459355e-18,8.811668437898973e-18,8.771529234626577e-18,8.731904824057683e-18,8.692784501039746e-18,8.654157890681499e-18,8.616014890379451e-18,8.578345673097952e-18,8.541140706432207e-18,8.504390711518034e-18,8.468086661978602e-18,8.432219799278413e-18
